phone_X,language_X,AB_Order,speaker_X,file_X,onset_X,offset_X,item_X,word_X,interval_X,sex_X,triplet_id,distance_OTH,phone_OTH,file_OTH,interval_OTH,item_OTH,language_OTH,offset_OTH,onset_OTH,sex_OTH,speaker_OTH,word_OTH,distance_TGT,phone_TGT,file_TGT,interval_TGT,item_TGT,language_TGT,offset_TGT,onset_TGT,sex_TGT,speaker_TGT,word_TGT
b,ENG,OthTgt,FNiralee,stimuli_raw/wav/FNiralee1.wav,479.04454000000004,479.54849,FNiralee1_63,ABA,63,F,t_0916074,0.294667008544479,dʱ,stimuli_raw/wav/Mrajesh1.wav,49,Mrajesh1_49,HIN,191.2513,190.81563,M,Mrajesh,ADHA,NA,NA,NA,NA,NA,NA,NA,NA,NA,NA,NA
b,ENG,OthTgt,Mrajesh,stimuli_raw/wav/Mrajesh1.wav,225.77,226.19,Mrajesh1_63,ABA,63,M,t_1044480,0.327143666694256,ɽ,stimuli_raw/wav/FNiralee1.wav,107,FNiralee1_107,HIN,907.41752,906.99719,F,FNiralee,ARTA,NA,NA,NA,NA,NA,NA,NA,NA,NA,NA,NA
b,ENG,TgtOth,FNiralee,stimuli_raw/wav/FNiralee2.wav,208.52112,209.03307,FNiralee2_61,ABA,61,F,t_0437098,0.307618996029799,ɽʱ,stimuli_raw/wav/Mrajesh2.wav,101,Mrajesh2_101,HIN,272.17,271.72983,M,Mrajesh,ARTHA,NA,NA,NA,NA,NA,NA,NA,NA,NA,NA,NA
bʱ,HIN,TgtOth,FNiralee,stimuli_raw/wav/FNiralee2.wav,231.85597,232.33,FNiralee2_65,ABHA,65,F,t_0442178,0.310178315276033,b,stimuli_raw/wav/Mrajesh1.wav,52,Mrajesh1_52,ENG,199.02,198.67358,M,Mrajesh,ABA,NA,NA,NA,NA,NA,NA,NA,NA,NA,NA,NA
bʱ,HIN,OthTgt,FNiralee,stimuli_raw/wav/FNiralee1.wav,494.7005,495.21627,FNiralee1_64,ABHA,64,F,t_0441318,0.334434954377464,d,stimuli_raw/wav/Mrajesh2.wav,47,Mrajesh2_47,ENG,129.07,128.7406,M,Mrajesh,ADA,NA,NA,NA,NA,NA,NA,NA,NA,NA,NA,NA
bʱ,HIN,OthTgt,Mrajesh,stimuli_raw/wav/Mrajesh1.wav,234.08174,234.52,Mrajesh1_66,ABHA,66,M,t_1048806,0.286190768358178,kʰ,stimuli_raw/wav/FNiralee2.wav,6,FNiralee2_6,ENG,22.8,22.2458,F,FNiralee,AKHA,NA,NA,NA,NA,NA,NA,NA,NA,NA,NA,NA
bʱ,HIN,OthTgt,FNiralee,stimuli_raw/wav/FNiralee1.wav,496.92613,497.37098,FNiralee1_65,ABHA,65,F,t_0924255,0.311726038608107,l,stimuli_raw/wav/Mrajesh2.wav,77,Mrajesh2_77,ENG,207.72,207.35909,M,Mrajesh,ALA,NA,NA,NA,NA,NA,NA,NA,NA,NA,NA,NA
bʱ,HIN,TgtOth,FNiralee,stimuli_raw/wav/FNiralee2.wav,231.85597,232.33,FNiralee2_65,ABHA,65,F,t_0438897,0.283889211331114,n,stimuli_raw/wav/Mrajesh1.wav,53,Mrajesh1_53,ENG,200.86,200.47,M,Mrajesh,ANA,NA,NA,NA,NA,NA,NA,NA,NA,NA,NA,NA
bʱ,HIN,OthTgt,Mrajesh,stimuli_raw/wav/Mrajesh2.wav,180.16218,180.53,Mrajesh2_66,ABHA,66,M,t_0563787,0.353835187151607,s,stimuli_raw/wav/FNiralee2.wav,88,FNiralee2_88,ENG,348.08424,347.6,F,FNiralee,ASA,0.194893774641104,bʱ,stimuli_raw/wav/Fbhavya2.wav,65,Fbhavya2_65,HIN,194.56529,194.15,F,Fbhavya,ABHA
bʱ,HIN,OthTgt,Mrajesh,stimuli_raw/wav/Mrajesh2.wav,178.37131000000005,178.72,Mrajesh2_65,ABHA,65,M,t_0562526,0.343164104410879,ɾ,stimuli_raw/wav/FNiralee1.wav,73,FNiralee1_73,ENG,588.01231,587.54402,F,FNiralee,ARA,NA,NA,NA,NA,NA,NA,NA,NA,NA,NA,NA
bʱ,HIN,TgtOth,Mrajesh,stimuli_raw/wav/Mrajesh1.wav,230.39151,230.76,Mrajesh1_64,ABHA,64,M,t_1046932,0.383430155386246,ʃ,stimuli_raw/wav/FNiralee2.wav,84,FNiralee2_84,ENG,336.21,335.74,F,FNiralee,AXA,NA,NA,NA,NA,NA,NA,NA,NA,NA,NA,NA
d,ENG,OthTgt,FNiralee,stimuli_raw/wav/FNiralee1.wav,376.87997,377.41,FNiralee1_48,ADA,48,F,t_0906582,0.279037071699505,dʱ,stimuli_raw/wav/Mrajesh1.wav,51,Mrajesh1_51,HIN,194.90637,194.50738,M,Mrajesh,ADHA,NA,NA,NA,NA,NA,NA,NA,NA,NA,NA,NA
d,ENG,OthTgt,Mrajesh,stimuli_raw/wav/Mrajesh1.wav,181.49373,181.88,Mrajesh1_47,ADA,47,M,t_1022477,0.220890138178086,ɖ,stimuli_raw/wav/FNiralee2.wav,34,FNiralee2_34,HIN,124.1817,123.68566,F,FNiralee,ADRA,NA,NA,NA,NA,NA,NA,NA,NA,NA,NA,NA
d,ENG,TgtOth,Mrajesh,stimuli_raw/wav/Mrajesh2.wav,126.92788999999999,127.29,Mrajesh2_46,ADA,46,M,t_0544333,0.310445743498444,ɖʱ,stimuli_raw/wav/FNiralee2.wav,38,FNiralee2_38,HIN,135.24376,134.74537,F,FNiralee,ADRHA,NA,NA,NA,NA,NA,NA,NA,NA,NA,NA,NA
d,ENG,TgtOth,FNiralee,stimuli_raw/wav/FNiralee1.wav,372.64645,373.15218,FNiralee1_46,ADA,46,F,t_0906742,0.303940864186434,ɽ,stimuli_raw/wav/Mrajesh1.wav,105,Mrajesh1_105,HIN,340.55943,340.15351,M,Mrajesh,ARTA,NA,NA,NA,NA,NA,NA,NA,NA,NA,NA,NA
d,ENG,TgtOth,Mrajesh,stimuli_raw/wav/Mrajesh1.wav,181.49373,181.88,Mrajesh1_47,ADA,47,M,t_0541472,0.301635089662697,ʈʰ,stimuli_raw/wav/FNiralee2.wav,32,FNiralee2_32,HIN,117.9,117.36769,F,FNiralee,ATRHA,NA,NA,NA,NA,NA,NA,NA,NA,NA,NA,NA
dʱ,HIN,TgtOth,FNiralee,stimuli_raw/wav/FNiralee1.wav,401.58646,402.09008,FNiralee1_51,ADHA,51,F,t_0907626,0.257311539091892,d͡ʒ,stimuli_raw/wav/Mrajesh1.wav,25,Mrajesh1_25,ENG,123.28,122.84,M,Mrajesh,ADXA,NA,NA,NA,NA,NA,NA,NA,NA,NA,NA,NA
dʱ,HIN,OthTgt,FNiralee,stimuli_raw/wav/FNiralee1.wav,397.21643,397.74568999999997,FNiralee1_49,ADHA,49,F,t_0427039,0.332594957304794,l,stimuli_raw/wav/Mrajesh1.wav,76,Mrajesh1_76,ENG,264.25548,263.88766,M,Mrajesh,ALA,NA,NA,NA,NA,NA,NA,NA,NA,NA,NA,NA
dʱ,HIN,OthTgt,Mrajesh,stimuli_raw/wav/Mrajesh2.wav,137.93788,138.28,Mrajesh2_49,ADHA,49,M,t_0551773,0.351586433388075,m,stimuli_raw/wav/FNiralee1.wav,68,FNiralee1_68,ENG,526.14886,525.72241,F,FNiralee,AMA,NA,NA,NA,NA,NA,NA,NA,NA,NA,NA,NA
dʱ,HIN,TgtOth,FNiralee,stimuli_raw/wav/FNiralee1.wav,399.4068,399.89415,FNiralee1_50,ADHA,50,F,t_0428552,0.276937805061913,n,stimuli_raw/wav/Mrajesh1.wav,54,Mrajesh1_54,ENG,202.71,202.37083,M,Mrajesh,ANA,NA,NA,NA,NA,NA,NA,NA,NA,NA,NA,NA
dʱ,HIN,OthTgt,FNiralee,stimuli_raw/wav/FNiralee2.wav,173.71177,174.24,FNiralee2_49,ADHA,49,F,t_0430720,0.322210562159574,ɦ,stimuli_raw/wav/Mrajesh1.wav,93,Mrajesh1_93,ENG,308.45133,308.05748,M,Mrajesh,AHHA,NA,NA,NA,NA,NA,NA,NA,NA,NA,NA,NA
d͡ʒ,ENG,TgtOth,Mrajesh,stimuli_raw/wav/Mrajesh1.wav,110.78631000000001,111.19,Mrajesh1_20,ADXA,20,M,t_0984481,0.326034087867601,bʱ,stimuli_raw/wav/FNiralee1.wav,65,FNiralee1_65,HIN,497.37098,496.92613,F,FNiralee,ABHA,NA,NA,NA,NA,NA,NA,NA,NA,NA,NA,NA
d͡ʒ,ENG,TgtOth,Mrajesh,stimuli_raw/wav/Mrajesh2.wav,56.541880000000006,56.920730000000006,Mrajesh2_19,ADXA,19,M,t_0983564,0.24965780346195,d͡ʒʱ,stimuli_raw/wav/FNiralee2.wav,26,FNiralee2_26,HIN,96.49,95.94,F,FNiralee,ADXHA,NA,NA,NA,NA,NA,NA,NA,NA,NA,NA,NA
d͡ʒ,ENG,OthTgt,Mrajesh,stimuli_raw/wav/Mrajesh1.wav,108.90505,109.36,Mrajesh1_19,ADXA,19,M,t_0503382,0.264714876929889,ɖ,stimuli_raw/wav/FNiralee1.wav,35,FNiralee1_35,HIN,278.81684,278.36311,F,FNiralee,ADRA,NA,NA,NA,NA,NA,NA,NA,NA,NA,NA,NA
d͡ʒ,ENG,OthTgt,FNiralee,stimuli_raw/wav/FNiralee1.wav,164.24,164.8,FNiralee1_21,ADXA,21,F,t_0394176,0.374561534621773,ɽ,stimuli_raw/wav/Mrajesh2.wav,105,Mrajesh2_105,HIN,281.60484,281.28485,M,Mrajesh,ARTA,NA,NA,NA,NA,NA,NA,NA,NA,NA,NA,NA
d͡ʒ,ENG,OthTgt,Mrajesh,stimuli_raw/wav/Mrajesh2.wav,58.29303,58.667680000000004,Mrajesh2_20,ADXA,20,M,t_0982096,0.31465512632931403,ʈʰ,stimuli_raw/wav/FNiralee2.wav,32,FNiralee2_32,HIN,117.9,117.36769,F,FNiralee,ATRHA,NA,NA,NA,NA,NA,NA,NA,NA,NA,NA,NA
d͡ʒʱ,HIN,OthTgt,Mrajesh,stimuli_raw/wav/Mrajesh2.wav,78.20262,78.55,Mrajesh2_27,ADXHA,27,M,t_0515388,0.353744027359527,b,stimuli_raw/wav/FNiralee1.wav,63,FNiralee1_63,ENG,479.54849,479.04454,F,FNiralee,ABA,NA,NA,NA,NA,NA,NA,NA,NA,NA,NA,NA
d͡ʒʱ,HIN,OthTgt,Mrajesh,stimuli_raw/wav/Mrajesh2.wav,74.65066,74.9988,Mrajesh2_25,ADXHA,25,M,t_0992011,0.320893346303161,d,stimuli_raw/wav/FNiralee1.wav,48,FNiralee1_48,ENG,377.41,376.87997,F,FNiralee,ADA,NA,NA,NA,NA,NA,NA,NA,NA,NA,NA,NA
d͡ʒʱ,HIN,OthTgt,Mrajesh,stimuli_raw/wav/Mrajesh2.wav,78.20262,78.55,Mrajesh2_27,ADXHA,27,M,t_0514332,0.317146228333191,j,stimuli_raw/wav/FNiralee2.wav,69,FNiralee2_69,ENG,243.19,242.71,F,FNiralee,AJA,NA,NA,NA,NA,NA,NA,NA,NA,NA,NA,NA
d͡ʒʱ,HIN,OthTgt,FNiralee,stimuli_raw/wav/FNiralee2.wav,95.94,96.49,FNiralee2_26,ADXHA,26,F,t_0880925,0.289365914639871,kʰ,stimuli_raw/wav/Mrajesh1.wav,6,Mrajesh1_6,ENG,39.21422,38.74864,M,Mrajesh,AKHA,NA,NA,NA,NA,NA,NA,NA,NA,NA,NA,NA
d͡ʒʱ,HIN,TgtOth,FNiralee,stimuli_raw/wav/FNiralee2.wav,95.94,96.49,FNiralee2_26,ADXHA,26,F,t_0881975,0.290235919744257,n,stimuli_raw/wav/Mrajesh2.wav,54,Mrajesh2_54,ENG,149.41,149.07837,M,Mrajesh,ANA,NA,NA,NA,NA,NA,NA,NA,NA,NA,NA,NA
d͡ʒʱ,HIN,OthTgt,FNiralee,stimuli_raw/wav/FNiralee2.wav,95.94,96.49,FNiralee2_26,ADXHA,26,F,t_0882590,0.311548115845899,tʰ,stimuli_raw/wav/Mrajesh1.wav,43,Mrajesh1_43,ENG,168.54,168.15444,M,Mrajesh,ATHA,NA,NA,NA,NA,NA,NA,NA,NA,NA,NA,NA
d͡ʒʱ,HIN,OthTgt,FNiralee,stimuli_raw/wav/FNiralee2.wav,98.26682,98.82,FNiralee2_27,ADXHA,27,F,t_0402930,0.21152234607184,t͡ʃʰ,stimuli_raw/wav/Mrajesh1.wav,17,Mrajesh1_17,ENG,104.55,104.15402,M,Mrajesh,ATXHA,NA,NA,NA,NA,NA,NA,NA,NA,NA,NA,NA
d͡ʒʱ,HIN,TgtOth,FNiralee,stimuli_raw/wav/FNiralee2.wav,93.5,94.09103,FNiralee2_25,ADXHA,25,F,t_0401878,0.326111726852285,ɾ,stimuli_raw/wav/Mrajesh1.wav,73,Mrajesh1_73,ENG,254.83,254.44351,M,Mrajesh,ARA,NA,NA,NA,NA,NA,NA,NA,NA,NA,NA,NA
d͡ʒʱ,HIN,TgtOth,FNiralee,stimuli_raw/wav/FNiralee2.wav,93.5,94.09103,FNiralee2_25,ADXHA,25,F,t_0884434,0.282734927235648,ʃ,stimuli_raw/wav/Mrajesh1.wav,84,Mrajesh1_84,ENG,285.64,285.24808,M,Mrajesh,AXA,NA,NA,NA,NA,NA,NA,NA,NA,NA,NA,NA
g,ENG,OthTgt,Mrajesh,stimuli_raw/wav/Mrajesh2.wav,30.301509999999997,30.62,Mrajesh2_9,AGA,9,M,t_0967533,0.302628196390458,bʱ,stimuli_raw/wav/FNiralee1.wav,65,FNiralee1_65,HIN,497.37098,496.92613,F,FNiralee,ABHA,NA,NA,NA,NA,NA,NA,NA,NA,NA,NA,NA
g,ENG,TgtOth,FNiralee,stimuli_raw/wav/FNiralee2.wav,28.74,29.3642,FNiralee2_8,AGA,8,F,t_0384353,0.301414037522739,dʱ,stimuli_raw/wav/Mrajesh2.wav,51,Mrajesh2_51,HIN,141.88,141.48882,M,Mrajesh,ADHA,NA,NA,NA,NA,NA,NA,NA,NA,NA,NA,NA
g,ENG,OthTgt,FNiralee,stimuli_raw/wav/FNiralee2.wav,31.150879999999997,31.74054000000001,FNiralee2_9,AGA,9,F,t_0862455,0.312893903811839,d͡ʒʱ,stimuli_raw/wav/Mrajesh1.wav,27,Mrajesh1_27,HIN,127.06,126.66433,M,Mrajesh,ADXHA,NA,NA,NA,NA,NA,NA,NA,NA,NA,NA,NA
g,ENG,TgtOth,Mrajesh,stimuli_raw/wav/Mrajesh1.wav,57.22747,57.630109999999995,Mrajesh1_9,AGA,9,M,t_0485766,0.256509894877086,ɖ,stimuli_raw/wav/FNiralee2.wav,35,FNiralee2_35,HIN,126.6761,126.16475,F,FNiralee,ADRA,NA,NA,NA,NA,NA,NA,NA,NA,NA,NA,NA
g,ENG,OthTgt,Mrajesh,stimuli_raw/wav/Mrajesh1.wav,57.22747,57.630109999999995,Mrajesh1_9,AGA,9,M,t_0966963,0.321853994131615,ɳ,stimuli_raw/wav/FNiralee2.wav,108,FNiralee2_108,HIN,409.81446999999997,409.34166,F,FNiralee,ANRA,NA,NA,NA,NA,NA,NA,NA,NA,NA,NA,NA
g,ENG,TgtOth,FNiralee,stimuli_raw/wav/FNiralee2.wav,28.74,29.3642,FNiralee2_8,AGA,8,F,t_0864434,0.316629028547602,ɽ,stimuli_raw/wav/Mrajesh2.wav,105,Mrajesh2_105,HIN,281.60484,281.28485,M,Mrajesh,ARTA,NA,NA,NA,NA,NA,NA,NA,NA,NA,NA,NA
j,ENG,TgtOth,Mrajesh,stimuli_raw/wav/Mrajesh2.wav,192.95967,193.32,Mrajesh2_71,AJA,71,M,t_0572990,0.356988673816089,dʱ,stimuli_raw/wav/FNiralee1.wav,49,FNiralee1_49,HIN,397.74569,397.21643,F,FNiralee,ADHA,NA,NA,NA,NA,NA,NA,NA,NA,NA,NA,NA
j,ENG,OthTgt,FNiralee,stimuli_raw/wav/FNiralee2.wav,238.07,238.51,FNiralee2_67,AJA,67,F,t_0927637,0.388591293536153,ɡʱ,stimuli_raw/wav/Mrajesh1.wav,11,Mrajesh1_11,HIN,72.34,71.9268,M,Mrajesh,AGHA,NA,NA,NA,NA,NA,NA,NA,NA,NA,NA,NA
j,ENG,OthTgt,Mrajesh,stimuli_raw/wav/Mrajesh1.wav,250.59,250.91,Mrajesh1_72,AJA,72,M,t_1060746,0.299320222946308,ɳ,stimuli_raw/wav/FNiralee2.wav,107,FNiralee2_107,HIN,407.46444,406.98305,F,FNiralee,ANRA,NA,NA,NA,NA,NA,NA,NA,NA,NA,NA,NA
j,ENG,OthTgt,FNiralee,stimuli_raw/wav/FNiralee2.wav,238.07,238.51,FNiralee2_67,AJA,67,F,t_0929113,0.319354731313706,ɽ,stimuli_raw/wav/Mrajesh1.wav,104,Mrajesh1_104,HIN,338.69898,338.33398,M,Mrajesh,ARTA,NA,NA,NA,NA,NA,NA,NA,NA,NA,NA,NA
j,ENG,TgtOth,Mrajesh,stimuli_raw/wav/Mrajesh2.wav,191.09,191.54,Mrajesh2_70,AJA,70,M,t_1061374,0.287261637398258,ɽʱ,stimuli_raw/wav/FNiralee1.wav,105,FNiralee1_105,HIN,892.98555,892.5444,F,FNiralee,ARTHA,NA,NA,NA,NA,NA,NA,NA,NA,NA,NA,NA
kʰ,ENG,OthTgt,FNiralee,stimuli_raw/wav/FNiralee2.wav,22.2458,22.8,FNiralee2_6,AKHA,6,F,t_0380070,0.304976195212941,dʱ,stimuli_raw/wav/Mrajesh2.wav,49,Mrajesh2_49,HIN,138.28,137.93788,M,Mrajesh,ADHA,NA,NA,NA,NA,NA,NA,NA,NA,NA,NA,NA
kʰ,ENG,TgtOth,Mrajesh,stimuli_raw/wav/Mrajesh2.wav,19.21365,19.62,Mrajesh2_4,AKHA,4,M,t_0482266,0.356829112173884,ɖ,stimuli_raw/wav/FNiralee1.wav,35,FNiralee1_35,HIN,278.81684,278.36311,F,FNiralee,ADRA,NA,NA,NA,NA,NA,NA,NA,NA,NA,NA,NA
kʰ,ENG,OthTgt,Mrajesh,stimuli_raw/wav/Mrajesh2.wav,22.591720000000002,22.99,Mrajesh2_6,AKHA,6,M,t_0965397,0.284952990683433,ɖʱ,stimuli_raw/wav/FNiralee2.wav,38,FNiralee2_38,HIN,135.24376,134.74537,F,FNiralee,ADRHA,NA,NA,NA,NA,NA,NA,NA,NA,NA,NA,NA
kʰ,ENG,TgtOth,FNiralee,stimuli_raw/wav/FNiralee2.wav,19.69967,20.28724,FNiralee2_5,AKHA,5,F,t_0379817,0.254960323489065,ɡʱ,stimuli_raw/wav/Mrajesh2.wav,11,Mrajesh2_11,HIN,36.21,35.80924,M,Mrajesh,AGHA,NA,NA,NA,NA,NA,NA,NA,NA,NA,NA,NA
kʰ,ENG,OthTgt,Mrajesh,stimuli_raw/wav/Mrajesh2.wav,19.21365,19.62,Mrajesh2_4,AKHA,4,M,t_0965575,0.361908715552757,ɳ,stimuli_raw/wav/FNiralee2.wav,108,FNiralee2_108,HIN,409.81446999999997,409.34166,F,FNiralee,ANRA,NA,NA,NA,NA,NA,NA,NA,NA,NA,NA,NA
kʰ,ENG,TgtOth,Mrajesh,stimuli_raw/wav/Mrajesh1.wav,35.21,35.69,Mrajesh1_4,AKHA,4,M,t_0964777,0.326392595875836,ɽʱ,stimuli_raw/wav/FNiralee1.wav,104,FNiralee1_104,HIN,890.44296,889.96685,F,FNiralee,ARTHA,NA,NA,NA,NA,NA,NA,NA,NA,NA,NA,NA
kʰ,ENG,TgtOth,FNiralee,stimuli_raw/wav/FNiralee2.wav,17.15,17.81,FNiralee2_4,AKHA,4,F,t_0861427,0.260862991052947,ʈʰ,stimuli_raw/wav/Mrajesh1.wav,32,Mrajesh1_32,HIN,140.09,139.68812,M,Mrajesh,ATRHA,0.241851866374307,kʰ,stimuli_raw/wav/Mnirbhay1.wav,6,Mnirbhay1_6,ENG,30.12,29.65,M,Mnirbhay,AKHA
l,ENG,TgtOth,FNiralee,stimuli_raw/wav/FNiralee1.wav,609.55502,610.0154,FNiralee1_78,ALA,78,F,t_0453597,0.351954828106906,d͡ʒʱ,stimuli_raw/wav/Mrajesh2.wav,25,Mrajesh2_25,HIN,74.9988,74.65066,M,Mrajesh,ADXHA,NA,NA,NA,NA,NA,NA,NA,NA,NA,NA,NA
l,ENG,OthTgt,FNiralee,stimuli_raw/wav/FNiralee1.wav,609.55502,610.0154,FNiralee1_78,ALA,78,F,t_0454317,0.329633651988681,ɖʱ,stimuli_raw/wav/Mrajesh1.wav,39,Mrajesh1_39,HIN,156.52,156.13224,M,Mrajesh,ADRHA,NA,NA,NA,NA,NA,NA,NA,NA,NA,NA,NA
l,ENG,OthTgt,FNiralee,stimuli_raw/wav/FNiralee1.wav,607.44483,607.8731799999998,FNiralee1_77,ALA,77,F,t_0935009,0.256601512269342,ɳ,stimuli_raw/wav/Mrajesh2.wav,106,Mrajesh2_106,HIN,284.58224,284.16595,M,Mrajesh,ANRA,NA,NA,NA,NA,NA,NA,NA,NA,NA,NA,NA
l,ENG,OthTgt,Mrajesh,stimuli_raw/wav/Mrajesh1.wav,267.46272,267.83,Mrajesh1_78,ALA,78,M,t_1066242,0.310870816008271,ɽʱ,stimuli_raw/wav/FNiralee2.wav,101,FNiralee2_101,HIN,388.05287,387.58306,F,FNiralee,ARTHA,NA,NA,NA,NA,NA,NA,NA,NA,NA,NA,NA
m,ENG,TgtOth,Mrajesh,stimuli_raw/wav/Mrajesh2.wav,187.55426,187.88,Mrajesh2_69,AMA,69,M,t_0571647,0.296100937284475,bʱ,stimuli_raw/wav/FNiralee1.wav,65,FNiralee1_65,HIN,497.37098,496.92613,F,FNiralee,ABHA,NA,NA,NA,NA,NA,NA,NA,NA,NA,NA,NA
m,ENG,OthTgt,FNiralee,stimuli_raw/wav/FNiralee2.wav,298.81,299.43,FNiralee2_72,AMA,72,F,t_0445110,0.388383474690813,d͡ʒʱ,stimuli_raw/wav/Mrajesh2.wav,26,Mrajesh2_26,HIN,76.80066,76.40547,M,Mrajesh,ADXHA,NA,NA,NA,NA,NA,NA,NA,NA,NA,NA,NA
m,ENG,TgtOth,Mrajesh,stimuli_raw/wav/Mrajesh2.wav,187.55426,187.88,Mrajesh2_69,AMA,69,M,t_1055664,0.32321043751671,ɖ,stimuli_raw/wav/FNiralee1.wav,36,FNiralee1_36,HIN,280.92381,280.49094,F,FNiralee,ADRA,NA,NA,NA,NA,NA,NA,NA,NA,NA,NA,NA
n,ENG,OthTgt,FNiralee,stimuli_raw/wav/FNiralee2.wav,184.88,185.38,FNiralee2_53,ANA,53,F,t_0912782,0.317124251973533,ɖʱ,stimuli_raw/wav/Mrajesh1.wav,37,Mrajesh1_37,HIN,152.86,152.43025,M,Mrajesh,ADRHA,NA,NA,NA,NA,NA,NA,NA,NA,NA,NA,NA
n,ENG,TgtOth,FNiralee,stimuli_raw/wav/FNiralee2.wav,182.63703,183.07,FNiralee2_52,ANA,52,F,t_0912619,0.317105042867194,ɡʱ,stimuli_raw/wav/Mrajesh1.wav,12,Mrajesh1_12,HIN,74.05,73.69,M,Mrajesh,AGHA,NA,NA,NA,NA,NA,NA,NA,NA,NA,NA,NA
n,ENG,TgtOth,Fbhavya,stimuli_raw/wav/Fbhavya1.wav,355.67,356.0774,Fbhavya1_52,ANA,52,F,t_0673861,0.359017100485012,ɳ,stimuli_raw/wav/Mnirbhay1.wav,108,Mnirbhay1_108,HIN,764.31886,763.84005,M,Mnirbhay,ANRA,NA,NA,NA,NA,NA,NA,NA,NA,NA,NA,NA
n,ENG,OthTgt,FNiralee,stimuli_raw/wav/FNiralee2.wav,187.14128,187.65,FNiralee2_54,ANA,54,F,t_0915141,0.27977705300024,ɽ,stimuli_raw/wav/Mrajesh1.wav,104,Mrajesh1_104,HIN,338.69898,338.33398,M,Mrajesh,ARTA,NA,NA,NA,NA,NA,NA,NA,NA,NA,NA,NA
n,ENG,TgtOth,Mrajesh,stimuli_raw/wav/Mrajesh2.wav,149.07837,149.41,Mrajesh2_54,ANA,54,M,t_0555824,0.319444454405005,ʈʰ,stimuli_raw/wav/FNiralee1.wav,31,FNiralee1_31,HIN,256.82063,256.32772,F,FNiralee,ATRHA,NA,NA,NA,NA,NA,NA,NA,NA,NA,NA,NA
s,ENG,OthTgt,FNiralee,stimuli_raw/wav/FNiralee1.wav,693.8913,694.39174,FNiralee1_88,ASA,88,F,t_0942244,0.376137549162701,dʱ,stimuli_raw/wav/Mrajesh2.wav,50,Mrajesh2_50,HIN,140.11,139.80311,M,Mrajesh,ADHA,NA,NA,NA,NA,NA,NA,NA,NA,NA,NA,NA
s,ENG,OthTgt,Mrajesh,stimuli_raw/wav/Mrajesh2.wav,240.12,240.59,Mrajesh2_89,ASA,89,M,t_0591674,0.330840746138015,d͡ʒʱ,stimuli_raw/wav/FNiralee2.wav,26,FNiralee2_26,HIN,96.49,95.94,F,FNiralee,ADXHA,NA,NA,NA,NA,NA,NA,NA,NA,NA,NA,NA
s,ENG,TgtOth,FNiralee,stimuli_raw/wav/FNiralee2.wav,350.17028,350.62834,FNiralee2_89,ASA,89,F,t_0943226,0.345874916794198,ɖʱ,stimuli_raw/wav/Mrajesh2.wav,37,Mrajesh2_37,HIN,104.12,103.75913,M,Mrajesh,ADRHA,NA,NA,NA,NA,NA,NA,NA,NA,NA,NA,NA
s,ENG,TgtOth,Mrajesh,stimuli_raw/wav/Mrajesh1.wav,298.82232,299.19,Mrajesh1_89,ASA,89,M,t_1075745,0.32099821653053,ɡʱ,stimuli_raw/wav/FNiralee2.wav,11,FNiralee2_11,HIN,46.10166,45.51187,F,FNiralee,AGHA,NA,NA,NA,NA,NA,NA,NA,NA,NA,NA,NA
s,ENG,OthTgt,FNiralee,stimuli_raw/wav/FNiralee1.wav,696.1034,696.60946,FNiralee1_89,ASA,89,F,t_0461498,0.32675322751589,ɳ,stimuli_raw/wav/Mrajesh2.wav,108,Mrajesh2_108,HIN,288.00268,287.62501,M,Mrajesh,ANRA,NA,NA,NA,NA,NA,NA,NA,NA,NA,NA,NA
s,ENG,TgtOth,FNiralee,stimuli_raw/wav/FNiralee2.wav,347.6,348.08423999999997,FNiralee2_88,ASA,88,F,t_0461416,0.342680025781612,ɽ,stimuli_raw/wav/Mrajesh2.wav,104,Mrajesh2_104,HIN,279.82,279.4325,M,Mrajesh,ARTA,NA,NA,NA,NA,NA,NA,NA,NA,NA,NA,NA
s,ENG,TgtOth,FNiralee,stimuli_raw/wav/FNiralee2.wav,347.6,348.08423999999997,FNiralee2_88,ASA,88,F,t_0941785,0.337300050084833,ɽʱ,stimuli_raw/wav/Mrajesh1.wav,100,Mrajesh1_100,HIN,327.33848,326.93403,M,Mrajesh,ARTHA,NA,NA,NA,NA,NA,NA,NA,NA,NA,NA,NA
tʰ,ENG,OthTgt,Mrajesh,stimuli_raw/wav/Mrajesh2.wav,119.15133,119.59,Mrajesh2_43,ATHA,43,M,t_0539509,0.305402416723588,bʱ,stimuli_raw/wav/FNiralee1.wav,65,FNiralee1_65,HIN,497.37098,496.92613,F,FNiralee,ABHA,NA,NA,NA,NA,NA,NA,NA,NA,NA,NA,NA
tʰ,ENG,OthTgt,Mrajesh,stimuli_raw/wav/Mrajesh2.wav,120.94246000000001,121.36,Mrajesh2_44,ATHA,44,M,t_1019051,0.298021953212841,dʱ,stimuli_raw/wav/FNiralee1.wav,49,FNiralee1_49,HIN,397.74569,397.21643,F,FNiralee,ADHA,NA,NA,NA,NA,NA,NA,NA,NA,NA,NA,NA
tʰ,ENG,TgtOth,FNiralee,stimuli_raw/wav/FNiralee2.wav,155.72736,156.25828,FNiralee2_45,ATHA,45,F,t_0901173,0.302646457916198,ɖʱ,stimuli_raw/wav/Mrajesh1.wav,37,Mrajesh1_37,HIN,152.86,152.43025,M,Mrajesh,ADRHA,NA,NA,NA,NA,NA,NA,NA,NA,NA,NA,NA
tʰ,ENG,OthTgt,FNiralee,stimuli_raw/wav/FNiralee2.wav,151.1213,151.6,FNiralee2_43,ATHA,43,F,t_0421540,0.361976846277011,ɳ,stimuli_raw/wav/Mrajesh1.wav,107,Mrajesh1_107,HIN,346.34256,345.91035,M,Mrajesh,ANRA,NA,NA,NA,NA,NA,NA,NA,NA,NA,NA,NA
tʰ,ENG,TgtOth,FNiralee,stimuli_raw/wav/FNiralee1.wav,356.64808,357.12737999999996,FNiralee1_44,ATHA,44,F,t_0903521,0.363048300708846,ɽ,stimuli_raw/wav/Mrajesh1.wav,103,Mrajesh1_103,HIN,336.99044,336.57115,M,Mrajesh,ARTA,NA,NA,NA,NA,NA,NA,NA,NA,NA,NA,NA
tʰ,ENG,TgtOth,Mrajesh,stimuli_raw/wav/Mrajesh1.wav,168.15444,168.54,Mrajesh1_43,ATHA,43,M,t_1019848,0.327322650780407,ɽʱ,stimuli_raw/wav/FNiralee2.wav,102,FNiralee2_102,HIN,390.36287,389.88054,F,FNiralee,ARTHA,NA,NA,NA,NA,NA,NA,NA,NA,NA,NA,NA
tʰ,ENG,OthTgt,Mrajesh,stimuli_raw/wav/Mrajesh2.wav,122.7473,123.14,Mrajesh2_45,ATHA,45,M,t_0540747,0.23382973937623,ʈʰ,stimuli_raw/wav/FNiralee1.wav,31,FNiralee1_31,HIN,256.82063,256.32772,F,FNiralee,ATRHA,NA,NA,NA,NA,NA,NA,NA,NA,NA,NA,NA
t͡ʃʰ,ENG,OthTgt,FNiralee,stimuli_raw/wav/FNiralee1.wav,141.90668,142.41555,FNiralee1_16,ATXHA,16,F,t_0392839,0.318347968852684,bʱ,stimuli_raw/wav/Mrajesh2.wav,66,Mrajesh2_66,HIN,180.53,180.16218,M,Mrajesh,ABHA,NA,NA,NA,NA,NA,NA,NA,NA,NA,NA,NA
t͡ʃʰ,ENG,OthTgt,FNiralee,stimuli_raw/wav/FNiralee2.wav,65.87,66.37063,FNiralee2_18,ATXHA,18,F,t_0873723,0.310636868401,dʱ,stimuli_raw/wav/Mrajesh2.wav,49,Mrajesh2_49,HIN,138.28,137.93788,M,Mrajesh,ADHA,NA,NA,NA,NA,NA,NA,NA,NA,NA,NA,NA
t͡ʃʰ,ENG,TgtOth,FNiralee,stimuli_raw/wav/FNiralee2.wav,65.87,66.37063,FNiralee2_18,ATXHA,18,F,t_0872085,0.326910541195238,ɖʱ,stimuli_raw/wav/Mrajesh1.wav,38,Mrajesh1_38,HIN,154.69,154.30132,M,Mrajesh,ADRHA,NA,NA,NA,NA,NA,NA,NA,NA,NA,NA,NA
t͡ʃʰ,ENG,OthTgt,Mrajesh,stimuli_raw/wav/Mrajesh2.wav,52.23788,52.59264,Mrajesh2_18,ATXHA,18,M,t_0121809,0.329446378488103,ɡʱ,stimuli_raw/wav/Fsakshi1.wav,11,Fsakshi1_11,HIN,54.25,53.77,F,Fsakshi,AGHA,NA,NA,NA,NA,NA,NA,NA,NA,NA,NA,NA
t͡ʃʰ,ENG,OthTgt,FNiralee,stimuli_raw/wav/FNiralee1.wav,146.14092,146.63,FNiralee1_18,ATXHA,18,F,t_0872778,0.349434415074441,ɽʱ,stimuli_raw/wav/Mrajesh2.wav,100,Mrajesh2_100,HIN,270.37,269.92046,M,Mrajesh,ARTHA,NA,NA,NA,NA,NA,NA,NA,NA,NA,NA,NA
t͡ʃʰ,ENG,OthTgt,Mrajesh,stimuli_raw/wav/Mrajesh1.wav,102.34576,102.75,Mrajesh1_16,ATXHA,16,M,t_0497608,0.260830468400698,ʈʰ,stimuli_raw/wav/FNiralee1.wav,33,FNiralee1_33,HIN,261.06865,260.56219,F,FNiralee,ATRHA,NA,NA,NA,NA,NA,NA,NA,NA,NA,NA,NA
ɖ,HIN,TgtOth,FNiralee,stimuli_raw/wav/FNiralee1.wav,278.36311,278.81684,FNiralee1_35,ADRA,35,F,t_0893567,0.289853172179133,b,stimuli_raw/wav/Mrajesh2.wav,61,Mrajesh2_61,ENG,169.35,168.97163,M,Mrajesh,ABA,NA,NA,NA,NA,NA,NA,NA,NA,NA,NA,NA
ɖ,HIN,TgtOth,Mrajesh,stimuli_raw/wav/Mrajesh1.wav,149.09229,149.45944,Mrajesh1_36,ADRA,36,M,t_1008066,0.314226060405413,j,stimuli_raw/wav/FNiralee1.wav,72,FNiralee1_72,ENG,545.63786,545.20555,F,FNiralee,AJA,NA,NA,NA,NA,NA,NA,NA,NA,NA,NA,NA
ɖ,HIN,OthTgt,FNiralee,stimuli_raw/wav/FNiralee1.wav,278.36311,278.81684,FNiralee1_35,ADRA,35,F,t_0410228,0.293677626364362,l,stimuli_raw/wav/Mrajesh1.wav,78,Mrajesh1_78,ENG,267.83,267.46272,M,Mrajesh,ALA,NA,NA,NA,NA,NA,NA,NA,NA,NA,NA,NA
ɖ,HIN,TgtOth,Mrajesh,stimuli_raw/wav/Mrajesh2.wav,96.7017,97.08,Mrajesh2_34,ADRA,34,M,t_1006762,0.288714573702993,n,stimuli_raw/wav/FNiralee2.wav,53,FNiralee2_53,ENG,185.38,184.88,F,FNiralee,ANA,NA,NA,NA,NA,NA,NA,NA,NA,NA,NA,NA
ɖ,HIN,TgtOth,Mrajesh,stimuli_raw/wav/Mrajesh2.wav,98.4695,98.85,Mrajesh2_35,ADRA,35,M,t_1009343,0.315078749637784,s,stimuli_raw/wav/FNiralee2.wav,88,FNiralee2_88,ENG,348.08424,347.6,F,FNiralee,ASA,NA,NA,NA,NA,NA,NA,NA,NA,NA,NA,NA
ɖ,HIN,OthTgt,Mrajesh,stimuli_raw/wav/Mrajesh2.wav,100.21526,100.55,Mrajesh2_36,ADRA,36,M,t_1009020,0.297009195867075,tʰ,stimuli_raw/wav/FNiralee2.wav,43,FNiralee2_43,ENG,151.6,151.1213,F,FNiralee,ATHA,NA,NA,NA,NA,NA,NA,NA,NA,NA,NA,NA
ɖ,HIN,OthTgt,FNiralee,stimuli_raw/wav/FNiralee2.wav,123.68566000000001,124.1817,FNiralee2_34,ADRA,34,F,t_0409660,0.302492727127919,t͡ʃʰ,stimuli_raw/wav/Mrajesh1.wav,18,Mrajesh1_18,ENG,106.35,105.91054,M,Mrajesh,ATXHA,NA,NA,NA,NA,NA,NA,NA,NA,NA,NA,NA
ɖʱ,HIN,OthTgt,FNiralee,stimuli_raw/wav/FNiralee1.wav,295.78499,296.32082,FNiralee1_37,ADRHA,37,F,t_0419587,0.312028766380863,b,stimuli_raw/wav/Mrajesh2.wav,62,Mrajesh2_62,ENG,171.12,170.72062,M,Mrajesh,ABA,NA,NA,NA,NA,NA,NA,NA,NA,NA,NA,NA
ɖʱ,HIN,OthTgt,Mrajesh,stimuli_raw/wav/Mrajesh1.wav,154.30132,154.69,Mrajesh1_38,ADRHA,38,M,t_0531548,0.321434803817875,d͡ʒ,stimuli_raw/wav/FNiralee1.wav,27,FNiralee1_27,ENG,220.37719,219.92717,F,FNiralee,ADXA,NA,NA,NA,NA,NA,NA,NA,NA,NA,NA,NA
ɖʱ,HIN,OthTgt,Mrajesh,stimuli_raw/wav/Mrajesh2.wav,107.24923000000001,107.66,Mrajesh2_39,ADRHA,39,M,t_1011240,0.304415651968838,g,stimuli_raw/wav/FNiralee2.wav,9,FNiralee2_9,ENG,31.74054,31.15088,F,FNiralee,AGA,NA,NA,NA,NA,NA,NA,NA,NA,NA,NA,NA
ɖʱ,HIN,TgtOth,Mrajesh,stimuli_raw/wav/Mrajesh1.wav,154.30132,154.69,Mrajesh1_38,ADRHA,38,M,t_1012709,0.321399493094067,m,stimuli_raw/wav/FNiralee1.wav,69,FNiralee1_69,ENG,528.44725,527.96823,F,FNiralee,AMA,NA,NA,NA,NA,NA,NA,NA,NA,NA,NA,NA
ɖʱ,HIN,OthTgt,FNiralee,stimuli_raw/wav/FNiralee2.wav,137.22415,137.75,FNiralee2_39,ADRHA,39,F,t_0415386,0.320999032858134,ɾ,stimuli_raw/wav/Mrajesh1.wav,74,Mrajesh1_74,ENG,256.69,256.26,M,Mrajesh,ARA,NA,NA,NA,NA,NA,NA,NA,NA,NA,NA,NA
ɖʱ,HIN,TgtOth,FNiralee,stimuli_raw/wav/FNiralee2.wav,132.37637,132.9209,FNiralee2_37,ADRHA,37,F,t_0417238,0.299275005092524,ʃ,stimuli_raw/wav/Mrajesh1.wav,83,Mrajesh1_83,ENG,283.76,283.33177,M,Mrajesh,AXA,NA,NA,NA,NA,NA,NA,NA,NA,NA,NA,NA
ɡʱ,HIN,OthTgt,Mrajesh,stimuli_raw/wav/Mrajesh2.wav,34.12889000000001,34.52,Mrajesh2_10,AGHA,10,M,t_0973435,0.311456409836709,b,stimuli_raw/wav/FNiralee2.wav,61,FNiralee2_61,ENG,209.03307,208.52112,F,FNiralee,ABA,NA,NA,NA,NA,NA,NA,NA,NA,NA,NA,NA
ɡʱ,HIN,TgtOth,Mrajesh,stimuli_raw/wav/Mrajesh1.wav,73.69,74.05,Mrajesh1_12,AGHA,12,M,t_0494742,0.291563886734603,d,stimuli_raw/wav/FNiralee2.wav,48,FNiralee2_48,ENG,165.19,164.70264,F,FNiralee,ADA,NA,NA,NA,NA,NA,NA,NA,NA,NA,NA,NA
ɡʱ,HIN,OthTgt,FNiralee,stimuli_raw/wav/FNiralee1.wav,108.19187,108.69767,FNiralee1_12,AGHA,12,F,t_0384795,0.320696658400032,d͡ʒ,stimuli_raw/wav/Mrajesh1.wav,21,Mrajesh1_21,ENG,112.95,112.569,M,Mrajesh,ADXA,NA,NA,NA,NA,NA,NA,NA,NA,NA,NA,NA
ɡʱ,HIN,TgtOth,FNiralee,stimuli_raw/wav/FNiralee2.wav,45.51187,46.101659999999995,FNiralee2_11,AGHA,11,F,t_0868268,0.258053698371386,g,stimuli_raw/wav/Mrajesh2.wav,8,Mrajesh2_8,ENG,28.97,28.58212,M,Mrajesh,AGA,NA,NA,NA,NA,NA,NA,NA,NA,NA,NA,NA
ɡʱ,HIN,TgtOth,Mrajesh,stimuli_raw/wav/Mrajesh1.wav,73.69,74.05,Mrajesh1_12,AGHA,12,M,t_0975915,0.33324513384151,l,stimuli_raw/wav/FNiralee2.wav,76,FNiralee2_76,ENG,311.56919,311.10414,F,FNiralee,ALA,NA,NA,NA,NA,NA,NA,NA,NA,NA,NA,NA
ɡʱ,HIN,OthTgt,FNiralee,stimuli_raw/wav/FNiralee1.wav,108.19187,108.69767,FNiralee1_12,AGHA,12,F,t_0386865,0.328670921041058,m,stimuli_raw/wav/Mrajesh1.wav,68,Mrajesh1_68,ENG,241.05,240.72,M,Mrajesh,AMA,NA,NA,NA,NA,NA,NA,NA,NA,NA,NA,NA
ɡʱ,HIN,TgtOth,Mrajesh,stimuli_raw/wav/Mrajesh1.wav,71.9268,72.34,Mrajesh1_11,AGHA,11,M,t_0490001,0.218493303082379,tʰ,stimuli_raw/wav/FNiralee2.wav,43,FNiralee2_43,ENG,151.6,151.1213,F,FNiralee,ATHA,NA,NA,NA,NA,NA,NA,NA,NA,NA,NA,NA
ɡʱ,HIN,TgtOth,FNiralee,stimuli_raw/wav/FNiralee1.wav,103.95576,104.46157,FNiralee1_10,AGHA,10,F,t_0867934,0.312311120470078,ɾ,stimuli_raw/wav/Mrajesh1.wav,73,Mrajesh1_73,ENG,254.83,254.44351,M,Mrajesh,ARA,NA,NA,NA,NA,NA,NA,NA,NA,NA,NA,NA
ɡʱ,HIN,TgtOth,Mrajesh,stimuli_raw/wav/Mrajesh2.wav,34.12889000000001,34.52,Mrajesh2_10,AGHA,10,M,t_0972475,0.326691609359751,ʃ,stimuli_raw/wav/FNiralee1.wav,83,FNiralee1_83,ENG,649.87823,649.4161,F,FNiralee,AXA,NA,NA,NA,NA,NA,NA,NA,NA,NA,NA,NA
ɦ,ENG,OthTgt,FNiralee,stimuli_raw/wav/FNiralee1.wav,710.88793,711.3706900000003,FNiralee1_91,AHHA,91,F,t_0944962,0.315642497907047,bʱ,stimuli_raw/wav/Mrajesh1.wav,66,Mrajesh1_66,HIN,234.52,234.08174,M,Mrajesh,ABHA,0.25158089606708,ɦ,stimuli_raw/wav/Mnirbhay1.wav,92,Mnirbhay1_92,ENG,653.42809,652.91246,M,Mnirbhay,AHHA
ɦ,ENG,OthTgt,Mrajesh,stimuli_raw/wav/Mrajesh1.wav,308.05748,308.45133,Mrajesh1_93,AHHA,93,M,t_0595833,0.346180993045631,d͡ʒʱ,stimuli_raw/wav/FNiralee2.wav,25,FNiralee2_25,HIN,94.09103,93.5,F,FNiralee,ADXHA,NA,NA,NA,NA,NA,NA,NA,NA,NA,NA,NA
ɦ,ENG,OthTgt,Mrajesh,stimuli_raw/wav/Mrajesh2.wav,245.02168999999998,245.38223,Mrajesh2_91,AHHA,91,M,t_0593845,0.321431703824387,ɖʱ,stimuli_raw/wav/FNiralee1.wav,38,FNiralee1_38,HIN,298.35,297.88,F,FNiralee,ADRHA,NA,NA,NA,NA,NA,NA,NA,NA,NA,NA,NA
ɦ,ENG,OthTgt,Mrajesh,stimuli_raw/wav/Mrajesh1.wav,308.05748,308.45133,Mrajesh1_93,AHHA,93,M,t_0595821,0.306126135490636,ɡʱ,stimuli_raw/wav/FNiralee2.wav,12,FNiralee2_12,HIN,48.88396,48.25,F,FNiralee,AGHA,NA,NA,NA,NA,NA,NA,NA,NA,NA,NA,NA
ɦ,ENG,OthTgt,Mrajesh,stimuli_raw/wav/Mrajesh2.wav,245.02168999999998,245.38223,Mrajesh2_91,AHHA,91,M,t_0595369,0.330898597373506,ɽ,stimuli_raw/wav/FNiralee1.wav,106,FNiralee1_106,HIN,905.29323,904.87257,F,FNiralee,ARTA,NA,NA,NA,NA,NA,NA,NA,NA,NA,NA,NA
ɳ,HIN,TgtOth,Mrajesh,stimuli_raw/wav/Mrajesh1.wav,345.91035,346.34256,Mrajesh1_107,ANRA,107,M,t_0617408,0.331636924508957,b,stimuli_raw/wav/FNiralee1.wav,63,FNiralee1_63,ENG,479.54849,479.04454,F,FNiralee,ABA,NA,NA,NA,NA,NA,NA,NA,NA,NA,NA,NA
ɳ,HIN,TgtOth,Mrajesh,stimuli_raw/wav/Mrajesh1.wav,345.91035,346.34256,Mrajesh1_107,ANRA,107,M,t_1099301,0.334955733653979,d,stimuli_raw/wav/FNiralee2.wav,47,FNiralee2_47,ENG,162.44044,162.01984,F,FNiralee,ADA,NA,NA,NA,NA,NA,NA,NA,NA,NA,NA,NA
ɳ,HIN,OthTgt,FNiralee,stimuli_raw/wav/FNiralee1.wav,924.6169800000001,925.04307,FNiralee1_110,ANRA,110,F,t_0958301,0.372409688335191,d͡ʒ,stimuli_raw/wav/Mrajesh2.wav,21,Mrajesh2_21,ENG,60.35148,59.98104,M,Mrajesh,ADXA,NA,NA,NA,NA,NA,NA,NA,NA,NA,NA,NA
ɳ,HIN,OthTgt,Mrajesh,stimuli_raw/wav/Mrajesh2.wav,285.91694,286.28,Mrajesh2_107,ANRA,107,M,t_0617450,0.345974384114881,m,stimuli_raw/wav/FNiralee1.wav,69,FNiralee1_69,ENG,528.44725,527.96823,F,FNiralee,AMA,NA,NA,NA,NA,NA,NA,NA,NA,NA,NA,NA
ɳ,HIN,OthTgt,FNiralee,stimuli_raw/wav/FNiralee2.wav,406.98305,407.46443999999997,FNiralee2_107,ANRA,107,F,t_0477239,0.345224361590278,t͡ʃʰ,stimuli_raw/wav/Mrajesh2.wav,17,Mrajesh2_17,ENG,50.86762,50.49512,M,Mrajesh,ATXHA,NA,NA,NA,NA,NA,NA,NA,NA,NA,NA,NA
ɳ,HIN,OthTgt,FNiralee,stimuli_raw/wav/FNiralee1.wav,926.789,927.2306800000001,FNiralee1_111,ANRA,111,F,t_0477951,0.341167320023814,ɦ,stimuli_raw/wav/Mrajesh2.wav,92,Mrajesh2_92,ENG,247.21041,246.80321,M,Mrajesh,AHHA,NA,NA,NA,NA,NA,NA,NA,NA,NA,NA,NA
ɳ,HIN,OthTgt,Mrajesh,stimuli_raw/wav/Mrajesh1.wav,345.91035,346.34256,Mrajesh1_107,ANRA,107,M,t_1099481,0.316501683757705,ɾ,stimuli_raw/wav/FNiralee2.wav,74,FNiralee2_74,ENG,305.53542,305.1463,F,FNiralee,ARA,NA,NA,NA,NA,NA,NA,NA,NA,NA,NA,NA
ɳ,HIN,TgtOth,Mrajesh,stimuli_raw/wav/Mrajesh2.wav,284.16595,284.58224,Mrajesh2_106,ANRA,106,M,t_0611713,0.331935589240009,ʃ,stimuli_raw/wav/FNiralee2.wav,83,FNiralee2_83,ENG,333.84978,333.35,F,FNiralee,AXA,NA,NA,NA,NA,NA,NA,NA,NA,NA,NA,NA
ɽ,HIN,OthTgt,Mrajesh,stimuli_raw/wav/Mrajesh2.wav,281.28485,281.60483999999997,Mrajesh2_105,ARTA,105,M,t_1090176,0.245718271746878,l,stimuli_raw/wav/FNiralee2.wav,78,FNiralee2_78,ENG,316.62899,316.15774,F,FNiralee,ALA,NA,NA,NA,NA,NA,NA,NA,NA,NA,NA,NA
ɽ,HIN,OthTgt,Mrajesh,stimuli_raw/wav/Mrajesh2.wav,281.28485,281.60483999999997,Mrajesh2_105,ARTA,105,M,t_1090080,0.343849162921499,m,stimuli_raw/wav/FNiralee2.wav,70,FNiralee2_70,ENG,294.14,293.59,F,FNiralee,AMA,NA,NA,NA,NA,NA,NA,NA,NA,NA,NA,NA
ɽ,HIN,TgtOth,Fsakshi,stimuli_raw/wav/Fsakshi2.wav,423.5841,423.94,Fsakshi2_104,ARTA,104,F,t_0095981,0.364022900103392,t͡ʃʰ,stimuli_raw/wav/Mnirbhay1.wav,18,Mnirbhay1_18,ENG,107.97,107.51,M,Mnirbhay,ATXHA,NA,NA,NA,NA,NA,NA,NA,NA,NA,NA,NA
ɽ,HIN,OthTgt,FNiralee,stimuli_raw/wav/FNiralee2.wav,401.4192,401.84287,FNiralee2_105,ARTA,105,F,t_0472470,0.270423736488538,ɾ,stimuli_raw/wav/Mrajesh2.wav,73,Mrajesh2_73,ENG,198.75,198.38288,M,Mrajesh,ARA,NA,NA,NA,NA,NA,NA,NA,NA,NA,NA,NA
ɽʱ,HIN,TgtOth,FNiralee,stimuli_raw/wav/FNiralee1.wav,887.9046599999997,888.3824800000001,FNiralee1_103,ARTHA,103,F,t_0949732,0.334781780822238,d,stimuli_raw/wav/Mrajesh2.wav,48,Mrajesh2_48,ENG,130.82,130.48874,M,Mrajesh,ADA,NA,NA,NA,NA,NA,NA,NA,NA,NA,NA,NA
ɽʱ,HIN,TgtOth,Mrajesh,stimuli_raw/wav/Mrajesh2.wav,269.92046,270.37,Mrajesh2_100,ARTHA,100,M,t_1083886,0.323751244198919,g,stimuli_raw/wav/FNiralee1.wav,7,FNiralee1_7,ENG,87.28907,86.82,F,FNiralee,AGA,NA,NA,NA,NA,NA,NA,NA,NA,NA,NA,NA
ɽʱ,HIN,OthTgt,FNiralee,stimuli_raw/wav/FNiralee1.wav,892.5444,892.98555,FNiralee1_105,ARTHA,105,F,t_0467169,0.358153316236699,m,stimuli_raw/wav/Mrajesh2.wav,69,Mrajesh2_69,ENG,187.88,187.55426,M,Mrajesh,AMA,NA,NA,NA,NA,NA,NA,NA,NA,NA,NA,NA
ɽʱ,HIN,OthTgt,FNiralee,stimuli_raw/wav/FNiralee1.wav,892.5444,892.98555,FNiralee1_105,ARTHA,105,F,t_0468789,0.28897906960755,n,stimuli_raw/wav/Mrajesh2.wav,53,Mrajesh2_53,ENG,147.64,147.2,M,Mrajesh,ANA,NA,NA,NA,NA,NA,NA,NA,NA,NA,NA,NA
ɽʱ,HIN,TgtOth,FNiralee,stimuli_raw/wav/FNiralee1.wav,892.5444,892.98555,FNiralee1_105,ARTHA,105,F,t_0947610,0.313644854306165,ɦ,stimuli_raw/wav/Mrajesh1.wav,93,Mrajesh1_93,ENG,308.45133,308.05748,M,Mrajesh,AHHA,NA,NA,NA,NA,NA,NA,NA,NA,NA,NA,NA
ɽʱ,HIN,TgtOth,FNiralee,stimuli_raw/wav/FNiralee1.wav,892.5444,892.98555,FNiralee1_105,ARTHA,105,F,t_0469005,0.272192482848625,ɾ,stimuli_raw/wav/Mrajesh2.wav,74,Mrajesh2_74,ENG,200.53,200.12353,M,Mrajesh,ARA,NA,NA,NA,NA,NA,NA,NA,NA,NA,NA,NA
ɽʱ,HIN,OthTgt,Mnirbhay,stimuli_raw/wav/Mnirbhay2.wav,409.16561,409.58684,Mnirbhay2_102,ARTHA,102,M,t_1087281,0.3491515102137,ʃ,stimuli_raw/wav/Fsakshi1.wav,83,Fsakshi1_83,ENG,290.35,289.96,F,Fsakshi,AXA,NA,NA,NA,NA,NA,NA,NA,NA,NA,NA,NA
ɾ,ENG,OthTgt,FNiralee,stimuli_raw/wav/FNiralee2.wav,305.1463,305.5354200000001,FNiralee2_74,ARA,74,F,t_0932696,0.3259583503781,dʱ,stimuli_raw/wav/Mrajesh2.wav,51,Mrajesh2_51,HIN,141.88,141.48882,M,Mrajesh,ADHA,NA,NA,NA,NA,NA,NA,NA,NA,NA,NA,NA
ɾ,ENG,OthTgt,FNiralee,stimuli_raw/wav/FNiralee2.wav,307.58,308.06,FNiralee2_75,ARA,75,F,t_0451032,0.293939381454415,ɖ,stimuli_raw/wav/Mrajesh1.wav,34,Mrajesh1_34,HIN,145.82,145.4397,M,Mrajesh,ADRA,NA,NA,NA,NA,NA,NA,NA,NA,NA,NA,NA
ʃ,ENG,TgtOth,FNiralee,stimuli_raw/wav/FNiralee2.wav,330.92,331.40632,FNiralee2_82,AXA,82,F,t_0458086,0.37409993956611,dʱ,stimuli_raw/wav/Mrajesh2.wav,51,Mrajesh2_51,HIN,141.88,141.48882,M,Mrajesh,ADHA,NA,NA,NA,NA,NA,NA,NA,NA,NA,NA,NA
ʃ,ENG,TgtOth,Mrajesh,stimuli_raw/wav/Mrajesh1.wav,283.33177,283.76,Mrajesh1_83,AXA,83,M,t_0585464,0.341685427342478,ɖ,stimuli_raw/wav/FNiralee1.wav,36,FNiralee1_36,HIN,280.92381,280.49094,F,FNiralee,ADRA,NA,NA,NA,NA,NA,NA,NA,NA,NA,NA,NA
ʃ,ENG,OthTgt,FNiralee,stimuli_raw/wav/FNiralee1.wav,649.4161,649.87823,FNiralee1_83,AXA,83,F,t_0939725,0.341578568000968,ɽ,stimuli_raw/wav/Mrajesh1.wav,103,Mrajesh1_103,HIN,336.99044,336.57115,M,Mrajesh,ARTA,NA,NA,NA,NA,NA,NA,NA,NA,NA,NA,NA
ʈʰ,HIN,OthTgt,Mrajesh,stimuli_raw/wav/Mrajesh2.wav,90.98209,91.36,Mrajesh2_32,ATRHA,32,M,t_0998627,0.358205990387496,b,stimuli_raw/wav/FNiralee1.wav,62,FNiralee1_62,ENG,477.40014,476.94868,F,FNiralee,ABA,NA,NA,NA,NA,NA,NA,NA,NA,NA,NA,NA
ʈʰ,HIN,OthTgt,Mrajesh,stimuli_raw/wav/Mrajesh1.wav,139.68812,140.09,Mrajesh1_32,ATRHA,32,M,t_1000673,0.299722878692494,g,stimuli_raw/wav/FNiralee1.wav,8,FNiralee1_8,ENG,89.3136,88.84195,F,FNiralee,AGA,0.214329903015209,ʈʰ,stimuli_raw/wav/Fbhavya1.wav,32,Fbhavya1_32,HIN,231.31,230.94251,F,Fbhavya,ATRHA
ʈʰ,HIN,TgtOth,FNiralee,stimuli_raw/wav/FNiralee2.wav,117.36769,117.9,FNiralee2_32,ATRHA,32,F,t_0889436,0.359470570329852,l,stimuli_raw/wav/Mrajesh1.wav,77,Mrajesh1_77,ENG,266.02283,265.6,M,Mrajesh,ALA,NA,NA,NA,NA,NA,NA,NA,NA,NA,NA,NA
ʈʰ,HIN,TgtOth,FNiralee,stimuli_raw/wav/FNiralee2.wav,119.82003999999999,120.37226000000001,FNiralee2_33,ATRHA,33,F,t_0406530,0.377447660986159,m,stimuli_raw/wav/Mrajesh1.wav,67,Mrajesh1_67,ENG,239.16,238.8,M,Mrajesh,AMA,NA,NA,NA,NA,NA,NA,NA,NA,NA,NA,NA
ʈʰ,HIN,OthTgt,Mrajesh,stimuli_raw/wav/Mrajesh2.wav,89.14985,89.57,Mrajesh2_31,ATRHA,31,M,t_0520213,0.326900499995599,s,stimuli_raw/wav/FNiralee1.wav,90,FNiralee1_90,ENG,698.81229,698.36577,F,FNiralee,ASA,NA,NA,NA,NA,NA,NA,NA,NA,NA,NA,NA
ʈʰ,HIN,OthTgt,Mrajesh,stimuli_raw/wav/Mrajesh2.wav,92.80223000000001,93.2,Mrajesh2_33,ATRHA,33,M,t_1001220,0.334942045703653,ɦ,stimuli_raw/wav/FNiralee1.wav,92,FNiralee1_92,ENG,713.63019,713.12009,F,FNiralee,AHHA,NA,NA,NA,NA,NA,NA,NA,NA,NA,NA,NA
ʈʰ,HIN,OthTgt,Mrajesh,stimuli_raw/wav/Mrajesh1.wav,137.67462,138.11,Mrajesh1_31,ATRHA,31,M,t_0521827,0.363121030684509,ɾ,stimuli_raw/wav/Fsakshi2.wav,75,Fsakshi2_75,ENG,311.49,311.10428,F,Fsakshi,ARA,NA,NA,NA,NA,NA,NA,NA,NA,NA,NA,NA
ʈʰ,HIN,OthTgt,Mrajesh,stimuli_raw/wav/Mrajesh1.wav,137.67462,138.11,Mrajesh1_31,ATRHA,31,M,t_1003468,0.329984064889303,ʃ,stimuli_raw/wav/FNiralee1.wav,82,FNiralee1_82,ENG,647.79427,647.29597,F,FNiralee,AXA,NA,NA,NA,NA,NA,NA,NA,NA,NA,NA,NA
b,ENG,TgtOth,Mrajesh,stimuli_raw/wav/Mrajesh2.wav,170.72062,171.12,Mrajesh2_62,ABA,62,M,t_0560306,NA,NA,NA,NA,NA,NA,NA,NA,NA,NA,NA,0.176089542808601,b,stimuli_raw/wav/Fbhavya2.wav,63,Fbhavya2_63,ENG,188.62993,188.27312,F,Fbhavya,ABA
d,ENG,OthTgt,Mrajesh,stimuli_raw/wav/Mrajesh1.wav,181.49373,181.88,Mrajesh1_47,ADA,47,M,t_0542840,NA,NA,NA,NA,NA,NA,NA,NA,NA,NA,NA,0.217960910405402,d,stimuli_raw/wav/Fbhavya2.wav,47,Fbhavya2_47,ENG,147.34769,146.99549,F,Fbhavya,ADA
dʱ,HIN,TgtOth,FNiralee,stimuli_raw/wav/FNiralee1.wav,401.58646,402.09008,FNiralee1_51,ADHA,51,F,t_0431019,NA,NA,NA,NA,NA,NA,NA,NA,NA,NA,NA,0.299841695593451,dʱ,stimuli_raw/wav/Mnirbhay2.wav,51,Mnirbhay2_51,HIN,199.8,199.37,M,Mnirbhay,ADHA
d͡ʒ,ENG,OthTgt,Mrajesh,stimuli_raw/wav/Mrajesh2.wav,59.98104,60.35148,Mrajesh2_21,ADXA,21,M,t_0502546,NA,NA,NA,NA,NA,NA,NA,NA,NA,NA,NA,0.212412249809554,d͡ʒ,stimuli_raw/wav/Fbhavya2.wav,20,Fbhavya2_20,ENG,65.65195,65.26,F,Fbhavya,ADXA
d͡ʒʱ,HIN,OthTgt,FNiralee,stimuli_raw/wav/FNiralee2.wav,93.5,94.09103,FNiralee2_25,ADXHA,25,F,t_0400138,NA,NA,NA,NA,NA,NA,NA,NA,NA,NA,NA,0.193476063441024,d͡ʒʱ,stimuli_raw/wav/Mnirbhay2.wav,25,Mnirbhay2_25,HIN,97.87,97.37,M,Mnirbhay,ADXHA
g,ENG,OthTgt,FNiralee,stimuli_raw/wav/FNiralee2.wav,31.150879999999997,31.74054000000001,FNiralee2_9,AGA,9,F,t_0862941,NA,NA,NA,NA,NA,NA,NA,NA,NA,NA,NA,0.218801937871026,g,stimuli_raw/wav/Mnirbhay1.wav,7,Mnirbhay1_7,ENG,45.27,44.81,M,Mnirbhay,AGA
j,ENG,OthTgt,Mrajesh,stimuli_raw/wav/Mrajesh2.wav,191.09,191.54,Mrajesh2_70,AJA,70,M,t_0572353,NA,NA,NA,NA,NA,NA,NA,NA,NA,NA,NA,0.242343478662592,j,stimuli_raw/wav/Fbhavya2.wav,70,Fbhavya2_70,ENG,208.62927,208.24,F,Fbhavya,AJA
l,ENG,TgtOth,Mrajesh,stimuli_raw/wav/Mrajesh2.wav,209.22802,209.53,Mrajesh2_78,ALA,78,M,t_1066200,NA,NA,NA,NA,NA,NA,NA,NA,NA,NA,NA,0.206017626800219,l,stimuli_raw/wav/Fbhavya1.wav,79,Fbhavya1_79,ENG,515.26385,514.9,F,Fbhavya,ALA
m,ENG,TgtOth,FNiralee,stimuli_raw/wav/FNiralee1.wav,523.48494,523.88923,FNiralee1_67,AMA,67,F,t_0686224,NA,NA,NA,NA,NA,NA,NA,NA,NA,NA,NA,0.209075072252444,m,stimuli_raw/wav/Mrajesh2.wav,69,Mrajesh2_69,ENG,187.88,187.55426,M,Mrajesh,AMA
n,ENG,OthTgt,FNiralee,stimuli_raw/wav/FNiralee2.wav,187.14128,187.65,FNiralee2_54,ANA,54,F,t_0431874,NA,NA,NA,NA,NA,NA,NA,NA,NA,NA,NA,0.215045157607729,n,stimuli_raw/wav/Mnirbhay2.wav,52,Mnirbhay2_52,ENG,205.31,204.85,M,Mnirbhay,ANA
s,ENG,OthTgt,FNiralee,stimuli_raw/wav/FNiralee2.wav,350.17028,350.62834,FNiralee2_89,ASA,89,F,t_0462137,NA,NA,NA,NA,NA,NA,NA,NA,NA,NA,NA,0.221513167442072,s,stimuli_raw/wav/Mnirbhay2.wav,90,Mnirbhay2_90,ENG,358.93,358.36,M,Mnirbhay,ASA
tʰ,ENG,TgtOth,FNiralee,stimuli_raw/wav/FNiralee2.wav,155.72736,156.25828,FNiralee2_45,ATHA,45,F,t_0903279,NA,NA,NA,NA,NA,NA,NA,NA,NA,NA,NA,0.28130424151601,tʰ,stimuli_raw/wav/Mnirbhay1.wav,45,Mnirbhay1_45,ENG,299.31,298.86,M,Mnirbhay,ATHA
t͡ʃʰ,ENG,OthTgt,FNiralee,stimuli_raw/wav/FNiralee1.wav,141.90668,142.41555,FNiralee1_16,ATXHA,16,F,t_0870976,NA,NA,NA,NA,NA,NA,NA,NA,NA,NA,NA,0.194232636529284,t͡ʃʰ,stimuli_raw/wav/Mnirbhay1.wav,16,Mnirbhay1_16,ENG,104.07,103.61,M,Mnirbhay,ATXHA
ɖ,HIN,OthTgt,FNiralee,stimuli_raw/wav/FNiralee2.wav,126.16475,126.6761,FNiralee2_35,ADRA,35,F,t_0890912,NA,NA,NA,NA,NA,NA,NA,NA,NA,NA,NA,0.235369396832724,ɖ,stimuli_raw/wav/Mnirbhay1.wav,34,Mnirbhay1_34,HIN,231.66,231.25,M,Mnirbhay,ADRA
ɖʱ,HIN,TgtOth,FNiralee,stimuli_raw/wav/FNiralee2.wav,132.37637,132.9209,FNiralee2_37,ADRHA,37,F,t_0899569,NA,NA,NA,NA,NA,NA,NA,NA,NA,NA,NA,0.250284637984515,ɖʱ,stimuli_raw/wav/Mnirbhay1.wav,39,Mnirbhay1_39,HIN,256.6,256.08874,M,Mnirbhay,ADRHA
ɡʱ,HIN,OthTgt,Mrajesh,stimuli_raw/wav/Mrajesh2.wav,34.12889000000001,34.52,Mrajesh2_10,AGHA,10,M,t_0970855,NA,NA,NA,NA,NA,NA,NA,NA,NA,NA,NA,0.262148455846176,ɡʱ,stimuli_raw/wav/Fbhavya1.wav,10,Fbhavya1_10,HIN,74.87529,74.46,F,Fbhavya,AGHA
ɳ,HIN,OthTgt,FNiralee,stimuli_raw/wav/FNiralee2.wav,409.34166,409.81446999999997,FNiralee2_108,ANRA,108,F,t_0958545,NA,NA,NA,NA,NA,NA,NA,NA,NA,NA,NA,0.270760018045575,ɳ,stimuli_raw/wav/Mnirbhay1.wav,106,Mnirbhay1_106,HIN,759.21774,758.73893,M,Mnirbhay,ANRA
ɽ,HIN,TgtOth,Mrajesh,stimuli_raw/wav/Mrajesh2.wav,277.64776,278.03,Mrajesh2_103,ARTA,103,M,t_0604321,NA,NA,NA,NA,NA,NA,NA,NA,NA,NA,NA,0.256044011392983,ɽ,stimuli_raw/wav/Fbhavya2.wav,103,Fbhavya2_103,HIN,296.32972,295.981,F,Fbhavya,ARTA
ɽʱ,HIN,OthTgt,FNiralee,stimuli_raw/wav/FNiralee1.wav,887.9046599999997,888.3824800000001,FNiralee1_103,ARTHA,103,F,t_0468859,NA,NA,NA,NA,NA,NA,NA,NA,NA,NA,NA,0.250831321008308,ɽʱ,stimuli_raw/wav/Mnirbhay2.wav,101,Mnirbhay2_101,HIN,405.97,405.45,M,Mnirbhay,ARTHA
ɾ,ENG,OthTgt,FNiralee,stimuli_raw/wav/FNiralee2.wav,302.62,303.08,FNiralee2_73,ARA,73,F,t_0932839,NA,NA,NA,NA,NA,NA,NA,NA,NA,NA,NA,0.19703771426458,ɾ,stimuli_raw/wav/Mnirbhay1.wav,74,Mnirbhay1_74,ENG,516.96,516.58,M,Mnirbhay,ARA
ʃ,ENG,TgtOth,FNiralee,stimuli_raw/wav/FNiralee2.wav,333.35,333.84978,FNiralee2_83,AXA,83,F,t_0456215,NA,NA,NA,NA,NA,NA,NA,NA,NA,NA,NA,0.208173108143876,ʃ,stimuli_raw/wav/Mnirbhay2.wav,82,Mnirbhay2_82,ENG,327.34,326.92,M,Mnirbhay,AXA
